Cup,ID,Sex,Morph,Wing,Body,Thorax,Beak,Mom.ID,Mom.Morph,Mom.Wing,Mom.Body,Mom.Thorax,Mom.Beak,Dad.ID,Dad.Morph,Dad.Wing,Dad.Body,Dad.Thorax,Dad.Beak,Mid.Morph,Mid.Wing,Mid.Body,Mid.Thorax,Mid.Beak
KW2,KW2-01,M,Macro,6.59,9.367,2.414,5.026,KW02F,Brachy,5.94,9.486,3.406,7.372,KW02M,Brachy,4.546,6.89,2.505,5.056,Brachy-Brachy,5.243,8.188,2.9555,6.214
KW2,KW2-02,F,Brachy,3.991,6.938,2.162,5.145,KW02F,Brachy,5.94,9.486,3.406,7.372,KW02M,Brachy,4.546,6.89,2.505,5.056,Brachy-Brachy,5.243,8.188,2.9555,6.214
KW2,KW2-03,M,Macro,6.218,8.415,2.228,4.616,KW02F,Brachy,5.94,9.486,3.406,7.372,KW02M,Brachy,4.546,6.89,2.505,5.056,Brachy-Brachy,5.243,8.188,2.9555,6.214
KW2,KW2-04,F,Macro,7.844,10.792,2.887,5.624,KW02F,Brachy,5.94,9.486,3.406,7.372,KW02M,Brachy,4.546,6.89,2.505,5.056,Brachy-Brachy,5.243,8.188,2.9555,6.214
KW2,KW2-05,M,Macro,7.752,10.588,2.789,4.634,KW02F,Brachy,5.94,9.486,3.406,7.372,KW02M,Brachy,4.546,6.89,2.505,5.056,Brachy-Brachy,5.243,8.188,2.9555,6.214
KW2,KW2-06,F,Brachy,5.188,8.39,2.61,5.185,KW02F,Brachy,5.94,9.486,3.406,7.372,KW02M,Brachy,4.546,6.89,2.505,5.056,Brachy-Brachy,5.243,8.188,2.9555,6.214
KW2,KW2-07,F,Macro,9.496,12.867,3.472,7.034,KW02F,Brachy,5.94,9.486,3.406,7.372,KW02M,Brachy,4.546,6.89,2.505,5.056,Brachy-Brachy,5.243,8.188,2.9555,6.214
KW2,KW2-08,M,Macro,8.578,11.509,3.029,5.691,KW02F,Brachy,5.94,9.486,3.406,7.372,KW02M,Brachy,4.546,6.89,2.505,5.056,Brachy-Brachy,5.243,8.188,2.9555,6.214
KW2,KW2-09,M,Macro,8.791,12.509,3.268,7.239,KW02F,Brachy,5.94,9.486,3.406,7.372,KW02M,Brachy,4.546,6.89,2.505,5.056,Brachy-Brachy,5.243,8.188,2.9555,6.214
KW2,KW2-10,F,Macro,9.059,12.516,3.333,6.991,KW02F,Brachy,5.94,9.486,3.406,7.372,KW02M,Brachy,4.546,6.89,2.505,5.056,Brachy-Brachy,5.243,8.188,2.9555,6.214
KW2,KW2-11,F,Macro,9.486,12.744,3.427,7.103,KW02F,Brachy,5.94,9.486,3.406,7.372,KW02M,Brachy,4.546,6.89,2.505,5.056,Brachy-Brachy,5.243,8.188,2.9555,6.214
KW2,KW2-12,F,Macro,8.791,12.256,3.3,6.777,KW02F,Brachy,5.94,9.486,3.406,7.372,KW02M,Brachy,4.546,6.89,2.505,5.056,Brachy-Brachy,5.243,8.188,2.9555,6.214
KW3,KW3-1,F,Macro,10.135,13.461,3.903,7.893,KW3,Macro,8.895,11.98,3.416,6.415,KW1,Macro,8.562,11.595,3.083,5.941,Macro-Macro,8.7285,11.7875,3.2495,6.178
KW3,KW3-2,M,Brachy,4.417,7.92,2.577,4.958,KW3,Macro,8.895,11.98,3.416,6.415,KW1,Macro,8.562,11.595,3.083,5.941,Macro-Macro,8.7285,11.7875,3.2495,6.178
C01,C01-1,M,Macro,7.592,10.345,2.583,4.908,Mass-B,Brachy,4.454,6.592,2.432,5.172,A09A,Macro,8.095,10.779,3.018,5.609,Brachy-Macro,6.2745,8.6855,2.725,5.3905
C01,C01-2,F,Macro,7.909,10.608,2.755,5.695,Mass-B,Brachy,4.454,6.592,2.432,5.172,A09A,Macro,8.095,10.779,3.018,5.609,Brachy-Macro,6.2745,8.6855,2.725,5.3905
C01,C01-3,F,Macro,8.209,11.055,2.988,5.73,Mass-B,Brachy,4.454,6.592,2.432,5.172,A09A,Macro,8.095,10.779,3.018,5.609,Brachy-Macro,6.2745,8.6855,2.725,5.3905
C02,C02-1,M,Macro,7.258,9.725,2.513,4.794,A05A,Brachy,4.066,6.919,2.47,5.211,A10B,Brachy,4.627,3.769,6.788,2.494,Brachy-Brachy,4.3465,5.344,4.629,3.8525
C02,C02-2,M,Brachy,4.304,7.014,2.625,4.973,A05A,Brachy,4.066,6.919,2.47,5.211,A10B,Brachy,4.627,3.769,6.788,2.494,Brachy-Brachy,4.3465,5.344,4.629,3.8525
C02,C02-3,M,Brachy,3.839,6.615,2.307,4.513,A05A,Brachy,4.066,6.919,2.47,5.211,A10B,Brachy,4.627,3.769,6.788,2.494,Brachy-Brachy,4.3465,5.344,4.629,3.8525
C02,C02-4,F,Brachy,4.744,7.51,2.807,5.343,A05A,Brachy,4.066,6.919,2.47,5.211,A10B,Brachy,4.627,3.769,6.788,2.494,Brachy-Brachy,4.3465,5.344,4.629,3.8525
C02,C02-5,M,Brachy,3.92,6.592,2.509,4.15,A05A,Brachy,4.066,6.919,2.47,5.211,A10B,Brachy,4.627,3.769,6.788,2.494,Brachy-Brachy,4.3465,5.344,4.629,3.8525
C02,C02-6,M,Macro,6.868,9.759,2.476,4.409,A05A,Brachy,4.066,6.919,2.47,5.211,A10B,Brachy,4.627,3.769,6.788,2.494,Brachy-Brachy,4.3465,5.344,4.629,3.8525
C03,C03-1,M,Brachy,4.942,7.447,2.552,5.302,A01A,Brachy,4.256,6.065,2.717,5.552,A07A,Brachy,3.967,5.707,2.296,4.706,Brachy-Brachy,4.1115,5.886,2.5065,5.129
C03,C03-2,F,Brachy,6.115,9.643,3.343,5.371,A01A,Brachy,4.256,6.065,2.717,5.552,A07A,Brachy,3.967,5.707,2.296,4.706,Brachy-Brachy,4.1115,5.886,2.5065,5.129
C03,C03-3,F,Brachy,6.305,9.8,3.101,5.089,A01A,Brachy,4.256,6.065,2.717,5.552,A07A,Brachy,3.967,5.707,2.296,4.706,Brachy-Brachy,4.1115,5.886,2.5065,5.129
C04,C04-1,F,Brachy,3.981,6.879,2.505,5.246,A01B,Brachy,4.468,7.195,2.588,5.717,A10C,Brachy,4.373,6.526,2.546,4.723,Brachy-Brachy,4.4205,6.8605,2.567,5.22
C04,C04-2,F,Macro,7.315,10.399,2.743,5.831,A01B,Brachy,4.468,7.195,2.588,5.717,A10C,Brachy,4.373,6.526,2.546,4.723,Brachy-Brachy,4.4205,6.8605,2.567,5.22
C04,C04-3,M,Brachy,4.236,6.913,2.539,4.634,A01B,Brachy,4.468,7.195,2.588,5.717,A10C,Brachy,4.373,6.526,2.546,4.723,Brachy-Brachy,4.4205,6.8605,2.567,5.22
C04,C04-4,M,Macro,6.678,9.148,2.51,4.725,A01B,Brachy,4.468,7.195,2.588,5.717,A10C,Brachy,4.373,6.526,2.546,4.723,Brachy-Brachy,4.4205,6.8605,2.567,5.22
C04,C04-5,F,Brachy,5.666,9.072,3.016,5.583,A01B,Brachy,4.468,7.195,2.588,5.717,A10C,Brachy,4.373,6.526,2.546,4.723,Brachy-Brachy,4.4205,6.8605,2.567,5.22
C05,C05-1,M,Brachy,4.537,7.312,2.615,4.935,A09B,Brachy,4.268,6.499,2.739,5.311,A05C,Brachy,4.139,6.606,2.334,4.666,Brachy-Brachy,4.2035,6.5525,2.5365,4.9885
C05,C05-2,M,Brachy,4.381,7.027,2.52,4.768,A09B,Brachy,4.268,6.499,2.739,5.311,A05C,Brachy,4.139,6.606,2.334,4.666,Brachy-Brachy,4.2035,6.5525,2.5365,4.9885
C05,C05-3,M,Macro,7.674,10.352,2.805,4.893,A09B,Brachy,4.268,6.499,2.739,5.311,A05C,Brachy,4.139,6.606,2.334,4.666,Brachy-Brachy,4.2035,6.5525,2.5365,4.9885
C05,C05-4,M,Brachy,4.233,6.795,2.441,4.755,A09B,Brachy,4.268,6.499,2.739,5.311,A05C,Brachy,4.139,6.606,2.334,4.666,Brachy-Brachy,4.2035,6.5525,2.5365,4.9885
C05,C05-5,M,Brachy,3.803,6.308,2.152,4.539,A09B,Brachy,4.268,6.499,2.739,5.311,A05C,Brachy,4.139,6.606,2.334,4.666,Brachy-Brachy,4.2035,6.5525,2.5365,4.9885
C05,C05-6,F,Brachy,4.297,7.377,2.759,5.29,A09B,Brachy,4.268,6.499,2.739,5.311,A05C,Brachy,4.139,6.606,2.334,4.666,Brachy-Brachy,4.2035,6.5525,2.5365,4.9885
C05,C05-7,F,Macro,7.853,10.837,2.937,5.501,A09B,Brachy,4.268,6.499,2.739,5.311,A05C,Brachy,4.139,6.606,2.334,4.666,Brachy-Brachy,4.2035,6.5525,2.5365,4.9885
C05,C05-8,F,Macro,7.978,11.209,2.88,5.484,A09B,Brachy,4.268,6.499,2.739,5.311,A05C,Brachy,4.139,6.606,2.334,4.666,Brachy-Brachy,4.2035,6.5525,2.5365,4.9885
C06,C06-1,F,Macro,8.299,11.287,3.125,5.797,A01C,Macro,8.668,11.925,3.21,6.01,A04A,Brachy,3.945,6.04,2.265,4.504,Macro-Brachy,6.3065,8.9825,2.7375,5.257
C06,C06-2,M,Macro,6.907,9.472,2.412,4.775,A01C,Macro,8.668,11.925,3.21,6.01,A04A,Brachy,3.945,6.04,2.265,4.504,Macro-Brachy,6.3065,8.9825,2.7375,5.257
C06,C06-3,M,Macro,7.962,10.82,2.775,5.026,A01C,Macro,8.668,11.925,3.21,6.01,A04A,Brachy,3.945,6.04,2.265,4.504,Macro-Brachy,6.3065,8.9825,2.7375,5.257
C06,C06-4,M,Macro,7.386,9.998,2.594,5.06,A01C,Macro,8.668,11.925,3.21,6.01,A04A,Brachy,3.945,6.04,2.265,4.504,Macro-Brachy,6.3065,8.9825,2.7375,5.257
C06,C06-5,M,Macro,7.461,10.386,2.747,5.086,A01C,Macro,8.668,11.925,3.21,6.01,A04A,Brachy,3.945,6.04,2.265,4.504,Macro-Brachy,6.3065,8.9825,2.7375,5.257
C06,C06-6,M,Macro,7.698,10.711,2.846,4.974,A01C,Macro,8.668,11.925,3.21,6.01,A04A,Brachy,3.945,6.04,2.265,4.504,Macro-Brachy,6.3065,8.9825,2.7375,5.257
C06,C06-7,M,Macro,7.759,10.172,2.719,5.192,A01C,Macro,8.668,11.925,3.21,6.01,A04A,Brachy,3.945,6.04,2.265,4.504,Macro-Brachy,6.3065,8.9825,2.7375,5.257
C06,C06-8,M,Macro,7.918,10.52,2.761,5.342,A01C,Macro,8.668,11.925,3.21,6.01,A04A,Brachy,3.945,6.04,2.265,4.504,Macro-Brachy,6.3065,8.9825,2.7375,5.257
C06,C06-9,M,Brachy,5.355,7.913,2.375,4.796,A01C,Macro,8.668,11.925,3.21,6.01,A04A,Brachy,3.945,6.04,2.265,4.504,Macro-Brachy,6.3065,8.9825,2.7375,5.257
C06,C06-10,F,Macro,7.563,10.631,2.837,5.886,A01C,Macro,8.668,11.925,3.21,6.01,A04A,Brachy,3.945,6.04,2.265,4.504,Macro-Brachy,6.3065,8.9825,2.7375,5.257
C06,C06-11,M,Macro,8.257,11.056,2.819,5.211,A01C,Macro,8.668,11.925,3.21,6.01,A04A,Brachy,3.945,6.04,2.265,4.504,Macro-Brachy,6.3065,8.9825,2.7375,5.257
C07,C07-1,F,Brachy,4.829,8.002,2.839,5.697,A09C,Brachy,4.451,6.832,2.619,5.397,A12A,Brachy,4.216,6.644,2.521,4.882,Brachy-Brachy,4.3335,6.738,2.57,5.1395
C08,C08-1,F,Brachy,5.592,8.82,2.95,5.694,Tampa-A,Macro,9.566,12.271,3.237,6.868,A01D,Brachy,4.242,7.246,2.35,4.667,Macro-Brachy,6.904,9.7585,2.7935,5.7675
C08,C08-2,F,Macro,9.128,12.398,3.453,6.007,Tampa-A,Macro,9.566,12.271,3.237,6.868,A01D,Brachy,4.242,7.246,2.35,4.667,Macro-Brachy,6.904,9.7585,2.7935,5.7675
C08,C08-3,F,Macro,8.051,11.358,3.223,6.096,Tampa-A,Macro,9.566,12.271,3.237,6.868,A01D,Brachy,4.242,7.246,2.35,4.667,Macro-Brachy,6.904,9.7585,2.7935,5.7675
C08,C08-4,M,Macro,7.773,10.493,3,5.291,Tampa-A,Macro,9.566,12.271,3.237,6.868,A01D,Brachy,4.242,7.246,2.35,4.667,Macro-Brachy,6.904,9.7585,2.7935,5.7675
C08,C08-5,F,Brachy,6.107,9.259,2.846,5.803,Tampa-A,Macro,9.566,12.271,3.237,6.868,A01D,Brachy,4.242,7.246,2.35,4.667,Macro-Brachy,6.904,9.7585,2.7935,5.7675
C08,C08-6,F,Brachy,4.542,7.706,2.846,5.337,Tampa-A,Macro,9.566,12.271,3.237,6.868,A01D,Brachy,4.242,7.246,2.35,4.667,Macro-Brachy,6.904,9.7585,2.7935,5.7675
C08,C08-7,F,Macro,9.23,12.581,3.491,6.162,Tampa-A,Macro,9.566,12.271,3.237,6.868,A01D,Brachy,4.242,7.246,2.35,4.667,Macro-Brachy,6.904,9.7585,2.7935,5.7675
C09,C09-1,F,Brachy,4.842,7.406,2.792,5.365,B01A,Macro,8.915,11.594,3.267,6.276,A09D,Macro,7.825,10.214,2.77,5.464,Macro-Macro,8.37,10.904,3.0185,5.87
C09,C09-2,M,Macro,8.001,10.592,2.528,5.146,B01A,Macro,8.915,11.594,3.267,6.276,A09D,Macro,7.825,10.214,2.77,5.464,Macro-Macro,8.37,10.904,3.0185,5.87
C09,C09-3,M,Macro,7.665,10.209,2.381,5.101,B01A,Macro,8.915,11.594,3.267,6.276,A09D,Macro,7.825,10.214,2.77,5.464,Macro-Macro,8.37,10.904,3.0185,5.87
C09,C09-4,F,Macro,7.241,10.162,2.879,5.51,B01A,Macro,8.915,11.594,3.267,6.276,A09D,Macro,7.825,10.214,2.77,5.464,Macro-Macro,8.37,10.904,3.0185,5.87
C09,C09-5,M,Macro,6.468,8.574,2.437,4.557,B01A,Macro,8.915,11.594,3.267,6.276,A09D,Macro,7.825,10.214,2.77,5.464,Macro-Macro,8.37,10.904,3.0185,5.87
C09,C09-6,F,Macro,8.215,10.984,3.089,5.475,B01A,Macro,8.915,11.594,3.267,6.276,A09D,Macro,7.825,10.214,2.77,5.464,Macro-Macro,8.37,10.904,3.0185,5.87
C09,C09-7,F,Macro,8.792,11.848,3.145,5.68,B01A,Macro,8.915,11.594,3.267,6.276,A09D,Macro,7.825,10.214,2.77,5.464,Macro-Macro,8.37,10.904,3.0185,5.87
C09,C09-8,F,Macro,8.122,10.517,2.633,5.19,B01A,Macro,8.915,11.594,3.267,6.276,A09D,Macro,7.825,10.214,2.77,5.464,Macro-Macro,8.37,10.904,3.0185,5.87
C09,C09-9,F,Brachy,4.482,7.418,2.677,5.465,B01A,Macro,8.915,11.594,3.267,6.276,A09D,Macro,7.825,10.214,2.77,5.464,Macro-Macro,8.37,10.904,3.0185,5.87
C09,C09-10,M,Macro,7.666,10.253,2.811,4.415,B01A,Macro,8.915,11.594,3.267,6.276,A09D,Macro,7.825,10.214,2.77,5.464,Macro-Macro,8.37,10.904,3.0185,5.87
C10,C10-1,F,Macro,8.13,10.938,2.972,5.683,A01E,Brachy,4.118,6.256,2.549,5.352,A09E,Brachy,4.096,4.461,2.336,4.201,Brachy-Brachy,4.107,5.3585,2.4425,4.7765
C10,C10-2,F,Macro,8.281,11.572,2.985,5.752,A01E,Brachy,4.118,6.256,2.549,5.352,A09E,Brachy,4.096,4.461,2.336,4.201,Brachy-Brachy,4.107,5.3585,2.4425,4.7765
C10,C10-3,F,Macro,7.874,10.519,2.818,5.837,A01E,Brachy,4.118,6.256,2.549,5.352,A09E,Brachy,4.096,4.461,2.336,4.201,Brachy-Brachy,4.107,5.3585,2.4425,4.7765
C10,C10-4,F,Brachy,4.212,7.165,2.453,5.286,A01E,Brachy,4.118,6.256,2.549,5.352,A09E,Brachy,4.096,4.461,2.336,4.201,Brachy-Brachy,4.107,5.3585,2.4425,4.7765
C10,C10-5,M,Macro,7.787,10.385,2.635,4.924,A01E,Brachy,4.118,6.256,2.549,5.352,A09E,Brachy,4.096,4.461,2.336,4.201,Brachy-Brachy,4.107,5.3585,2.4425,4.7765
C10,C10-6,M,Macro,7.276,9.954,2.612,5.002,A01E,Brachy,4.118,6.256,2.549,5.352,A09E,Brachy,4.096,4.461,2.336,4.201,Brachy-Brachy,4.107,5.3585,2.4425,4.7765
C10,C10-7,M,Brachy,4.315,7.046,2.471,4.8,A01E,Brachy,4.118,6.256,2.549,5.352,A09E,Brachy,4.096,4.461,2.336,4.201,Brachy-Brachy,4.107,5.3585,2.4425,4.7765
C10,C10-8,M,Brachy,3.903,6.51,2.393,4.523,A01E,Brachy,4.118,6.256,2.549,5.352,A09E,Brachy,4.096,4.461,2.336,4.201,Brachy-Brachy,4.107,5.3585,2.4425,4.7765
C10,C10-9,M,Brachy,3.776,6.105,2.265,4.696,A01E,Brachy,4.118,6.256,2.549,5.352,A09E,Brachy,4.096,4.461,2.336,4.201,Brachy-Brachy,4.107,5.3585,2.4425,4.7765
C10,C10-10,F,Brachy,4.549,7.645,2.828,5.279,A01E,Brachy,4.118,6.256,2.549,5.352,A09E,Brachy,4.096,4.461,2.336,4.201,Brachy-Brachy,4.107,5.3585,2.4425,4.7765
C10,C10-11,M,Macro,7.259,9.729,2.545,4.966,A01E,Brachy,4.118,6.256,2.549,5.352,A09E,Brachy,4.096,4.461,2.336,4.201,Brachy-Brachy,4.107,5.3585,2.4425,4.7765
C10,C10-12,M,Brachy,4.178,6.642,2.44,4.642,A01E,Brachy,4.118,6.256,2.549,5.352,A09E,Brachy,4.096,4.461,2.336,4.201,Brachy-Brachy,4.107,5.3585,2.4425,4.7765
C11,C11-1,F,Brachy,4.795,7.874,2.801,5.378,A08C,Brachy,3.834,6.233,2.533,5.229,A02A,Brachy,4.626,7.218,2.583,4.176,Brachy-Brachy,4.23,6.7255,2.558,4.7025
C11,C11-2,M,Macro,6.924,9.267,2.495,4.667,A08C,Brachy,3.834,6.233,2.533,5.229,A02A,Brachy,4.626,7.218,2.583,4.176,Brachy-Brachy,4.23,6.7255,2.558,4.7025
C11,C11-3,M,Macro,7.96,10.664,2.969,4.913,A08C,Brachy,3.834,6.233,2.533,5.229,A02A,Brachy,4.626,7.218,2.583,4.176,Brachy-Brachy,4.23,6.7255,2.558,4.7025
C12,C12-1,F,Brachy,4.8,7.901,2.85,5.346,A11A,Brachy,3.79,6.377,2.436,4.995,Mass-A,Brachy,4.079,7.109,2.465,4.698,Brachy-Brachy,3.9345,6.743,2.4505,4.8465
C12,C12-2,F,Brachy,5.442,9.106,3.051,5.733,A11A,Brachy,3.79,6.377,2.436,4.995,Mass-A,Brachy,4.079,7.109,2.465,4.698,Brachy-Brachy,3.9345,6.743,2.4505,4.8465
C12,C12-3,M,Macro,7.099,9.464,2.493,4.548,A11A,Brachy,3.79,6.377,2.436,4.995,Mass-A,Brachy,4.079,7.109,2.465,4.698,Brachy-Brachy,3.9345,6.743,2.4505,4.8465
C12,C12-4,F,Macro,9.275,12.323,3.249,6.763,A11A,Brachy,3.79,6.377,2.436,4.995,Mass-A,Brachy,4.079,7.109,2.465,4.698,Brachy-Brachy,3.9345,6.743,2.4505,4.8465
C12,C12-5,M,Macro,8.605,11.596,2.765,5.47,A11A,Brachy,3.79,6.377,2.436,4.995,Mass-A,Brachy,4.079,7.109,2.465,4.698,Brachy-Brachy,3.9345,6.743,2.4505,4.8465
C12,C12-6,F,Macro,8.706,11.827,3.084,6.058,A11A,Brachy,3.79,6.377,2.436,4.995,Mass-A,Brachy,4.079,7.109,2.465,4.698,Brachy-Brachy,3.9345,6.743,2.4505,4.8465
C12,C12-7,M,Macro,8,10.583,,5.005,A11A,Brachy,3.79,6.377,2.436,4.995,Mass-A,Brachy,4.079,7.109,2.465,4.698,Brachy-Brachy,3.9345,6.743,2.4505,4.8465
C13,C13-1,F,Brachy,6.579,10.298,3.595,5.702,A08A,Macro,8.294,10.866,3.121,6.011,T01-I,Brachy,4.178,4.65,2.518,4.51,Macro-Brachy,6.236,7.758,2.8195,5.2605
C13,C13-2,F,Brachy,5.929,9.524,3.244,5.619,A08A,Macro,8.294,10.866,3.121,6.011,T01-I,Brachy,4.178,4.65,2.518,4.51,Macro-Brachy,6.236,7.758,2.8195,5.2605
C13,C13-3,F,Macro,10.831,14.245,3.797,6.953,A08A,Macro,8.294,10.866,3.121,6.011,T01-I,Brachy,4.178,4.65,2.518,4.51,Macro-Brachy,6.236,7.758,2.8195,5.2605
C15,C15-1,F,Brachy,5.047,8.114,2.964,6.037,A15A,Brachy,5.756,9.535,3.412,5.899,A11B,Brachy,4.472,6.708,2.207,4.467,Brachy-Brachy,5.114,8.1215,2.8095,5.183
C15,C15-2,F,Brachy,4.32,7.601,2.819,5.587,A15A,Brachy,5.756,9.535,3.412,5.899,A11B,Brachy,4.472,6.708,2.207,4.467,Brachy-Brachy,5.114,8.1215,2.8095,5.183
C15,C15-3,M,Macro,8.105,11.033,2.943,5.324,A15A,Brachy,5.756,9.535,3.412,5.899,A11B,Brachy,4.472,6.708,2.207,4.467,Brachy-Brachy,5.114,8.1215,2.8095,5.183
C15,C15-4,F,Brachy,4.24,7.152,2.576,5.334,A15A,Brachy,5.756,9.535,3.412,5.899,A11B,Brachy,4.472,6.708,2.207,4.467,Brachy-Brachy,5.114,8.1215,2.8095,5.183
C16,C16-1,M,Macro,7.811,10.355,2.795,4.598,A10C,Brachy,5.139,7.782,3.073,5.742,A11C,Brachy,4.355,6.684,2.234,4.618,Brachy-Brachy,4.747,7.233,2.6535,5.18
C18,C18-1,M,Macro,7.964,10.92,2.769,5.012,A12B,Brachy,4.554,7.036,2.491,5.052,B05A,Macro,8.059,10.871,3.039,5.794,Brachy-Macro,6.3065,8.9535,2.765,5.423
C18,C18-2,F,Macro,8.371,11.376,3.052,6.214,A12B,Brachy,4.554,7.036,2.491,5.052,B05A,Macro,8.059,10.871,3.039,5.794,Brachy-Macro,6.3065,8.9535,2.765,5.423
C18,C18-3,F,Macro,8.555,11.653,3.053,6.17,A12B,Brachy,4.554,7.036,2.491,5.052,B05A,Macro,8.059,10.871,3.039,5.794,Brachy-Macro,6.3065,8.9535,2.765,5.423
C18,C18-4,M,Macro,8.22,10.84,2.835,5.371,A12B,Brachy,4.554,7.036,2.491,5.052,B05A,Macro,8.059,10.871,3.039,5.794,Brachy-Macro,6.3065,8.9535,2.765,5.423
C19,C19-1,M,Macro,8.173,10.626,2.689,5.202,KW3b,Macro,9.432,12.509,3.572,7.294,A01E,Macro,7.507,10.031,2.68,4.958,Brachy-Macro,8.4695,11.27,3.126,6.126
C19,C19-2,M,Macro,7.71,10.485,2.79,5.232,KW3b,Macro,9.432,12.509,3.572,7.294,A01E,Macro,7.507,10.031,2.68,4.958,Brachy-Macro,8.4695,11.27,3.126,6.126
C19,C19-3,F,Macro,8.989,12.061,3.2,6.263,KW3b,Macro,9.432,12.509,3.572,7.294,A01E,Macro,7.507,10.031,2.68,4.958,Brachy-Macro,8.4695,11.27,3.126,6.126
C19,C19-4,F,Macro,8.783,12.224,3.256,6.354,KW3b,Macro,9.432,12.509,3.572,7.294,A01E,Macro,7.507,10.031,2.68,4.958,Brachy-Macro,8.4695,11.27,3.126,6.126
C19,C19-5,F,Macro,9.447,12.626,3.21,6.391,KW3b,Macro,9.432,12.509,3.572,7.294,A01E,Macro,7.507,10.031,2.68,4.958,Brachy-Macro,8.4695,11.27,3.126,6.126
C19,C19-6,M,Macro,8.381,11.303,2.879,5.506,KW3b,Macro,9.432,12.509,3.572,7.294,A01E,Macro,7.507,10.031,2.68,4.958,Brachy-Macro,8.4695,11.27,3.126,6.126
C19,C19-7,M,Macro,8.442,10.867,2.869,5.266,KW3b,Macro,9.432,12.509,3.572,7.294,A01E,Macro,7.507,10.031,2.68,4.958,Brachy-Macro,8.4695,11.27,3.126,6.126
C19,C19-8,M,Macro,7.297,9.667,2.571,5.017,KW3b,Macro,9.432,12.509,3.572,7.294,A01E,Macro,7.507,10.031,2.68,4.958,Brachy-Macro,8.4695,11.27,3.126,6.126
C19,C19-9,M,Macro,6.802,9.397,2.418,4.907,KW3b,Macro,9.432,12.509,3.572,7.294,A01E,Macro,7.507,10.031,2.68,4.958,Brachy-Macro,8.4695,11.27,3.126,6.126
C27,C27-1,M,Macro,7.635,10.097,2.647,4.908,T01C,Brachy,5.613,8.124,2.981,5.828,T01D,Macro,7.26,9.789,2.629,4.854,Brachy-Macro,6.4365,8.9565,2.805,5.341
C27,C27-2,M,Macro,8.307,11.125,2.974,4.966,T01C,Brachy,5.613,8.124,2.981,5.828,T01D,Macro,7.26,9.789,2.629,4.854,Brachy-Macro,6.4365,8.9565,2.805,5.341
C27,C27-3,F,Macro,8.936,12.086,3.431,6.513,T01C,Brachy,5.613,8.124,2.981,5.828,T01D,Macro,7.26,9.789,2.629,4.854,Brachy-Macro,6.4365,8.9565,2.805,5.341
C27,C27-4,M,Macro,8.266,11.009,2.995,5.582,T01C,Brachy,5.613,8.124,2.981,5.828,T01D,Macro,7.26,9.789,2.629,4.854,Brachy-Macro,6.4365,8.9565,2.805,5.341
C27,C27-5,F,Macro,8.144,11.259,3.395,6.538,T01C,Brachy,5.613,8.124,2.981,5.828,T01D,Macro,7.26,9.789,2.629,4.854,Brachy-Macro,6.4365,8.9565,2.805,5.341
C27,C27-6,M,Macro,8.067,10.605,2.769,5.111,T01C,Brachy,5.613,8.124,2.981,5.828,T01D,Macro,7.26,9.789,2.629,4.854,Brachy-Macro,6.4365,8.9565,2.805,5.341
C29,C29-1,M,Macro,7.775,10.488,2.674,5.3,Mass-F,Brachy,6.279,9.23,3.166,5.947,B01F,Macro,7.704,10.006,2.598,5.193,Brachy-Macro,6.9915,9.618,2.882,5.57
C29,C29-2,F,Brachy,5.134,8.483,2.922,5.584,Mass-F,Brachy,6.279,9.23,3.166,5.947,B01F,Macro,7.704,10.006,2.598,5.193,Brachy-Macro,6.9915,9.618,2.882,5.57
C29,C29-3,F,Brachy,4.868,7.985,2.639,5.654,Mass-F,Brachy,6.279,9.23,3.166,5.947,B01F,Macro,7.704,10.006,2.598,5.193,Brachy-Macro,6.9915,9.618,2.882,5.57
C29,C29-4,M,Macro,5.268,8.354,2.505,4.854,Mass-F,Brachy,6.279,9.23,3.166,5.947,B01F,Macro,7.704,10.006,2.598,5.193,Brachy-Macro,6.9915,9.618,2.882,5.57
C29,C29-5,F,Macro,8.804,11.928,3.111,6.193,Mass-F,Brachy,6.279,9.23,3.166,5.947,B01F,Macro,7.704,10.006,2.598,5.193,Brachy-Macro,6.9915,9.618,2.882,5.57
C29,C29-6,M,Macro,8.014,10.916,2.799,5.476,Mass-F,Brachy,6.279,9.23,3.166,5.947,B01F,Macro,7.704,10.006,2.598,5.193,Brachy-Macro,6.9915,9.618,2.882,5.57
C32,C32-1,F,Macro,8.534,11.606,3.167,6.091,A04C,Macro,8.884,12.032,3.483,6.356,Mass-G,Macro,5.634,8.075,2.773,5.064,Macro-Macro,7.259,10.0535,3.128,5.71
C32,C32-2,M,Macro,7.905,,,,A04C,Macro,8.884,12.032,3.483,6.356,Mass-G,Macro,5.634,8.075,2.773,5.064,Macro-Macro,7.259,10.0535,3.128,5.71
C32,C32-3,M,Macro,7.502,10.164,2.686,5.063,A04C,Macro,8.884,12.032,3.483,6.356,Mass-G,Macro,5.634,8.075,2.773,5.064,Macro-Macro,7.259,10.0535,3.128,5.71
C34,C34-1,F,Brachy,5.113,8.246,2.913,5.924,B01G,Brachy,4.133,6.872,2.354,4.955,Mass-H,Macro,7.418,10.165,2.712,5.238,Brachy-Macro,5.7755,8.5185,2.533,5.0965
C34,C34-2,F,Brachy,5.295,8.428,3.01,6.146,B01G,Brachy,4.133,6.872,2.354,4.955,Mass-H,Macro,7.418,10.165,2.712,5.238,Brachy-Macro,5.7755,8.5185,2.533,5.0965
C34,C34-3,M,Brachy,4.705,7.992,2.705,5.228,B01G,Brachy,4.133,6.872,2.354,4.955,Mass-H,Macro,7.418,10.165,2.712,5.238,Brachy-Macro,5.7755,8.5185,2.533,5.0965
C35,C35-1,M,Macro,8.218,11.616,3.023,5.536,T01L,Macro,9.33,12.757,3.497,6.955,T01J,Macro,8.146,10.591,2.76,5.093,Macro-Macro,8.738,11.674,3.1285,6.024
C35,C35-2,F,Macro,8.57,11.917,3.214,5.983,T01L,Macro,9.33,12.757,3.497,6.955,T01J,Macro,8.146,10.591,2.76,5.093,Macro-Macro,8.738,11.674,3.1285,6.024
C35,C35-3,M,Macro,7.658,10.666,2.752,5.447,T01L,Macro,9.33,12.757,3.497,6.955,T01J,Macro,8.146,10.591,2.76,5.093,Macro-Macro,8.738,11.674,3.1285,6.024
C35,C35-4,F,Macro,8.11,11.292,3.091,5.788,T01L,Macro,9.33,12.757,3.497,6.955,T01J,Macro,8.146,10.591,2.76,5.093,Macro-Macro,8.738,11.674,3.1285,6.024
C35,C35-5,F,Macro,9.305,12.437,3.368,6.9,T01L,Macro,9.33,12.757,3.497,6.955,T01J,Macro,8.146,10.591,2.76,5.093,Macro-Macro,8.738,11.674,3.1285,6.024
C35,C35-6,F,Macro,9.03,12.35,3.477,6.896,T01L,Macro,9.33,12.757,3.497,6.955,T01J,Macro,8.146,10.591,2.76,5.093,Macro-Macro,8.738,11.674,3.1285,6.024
C35,C35-7,F,Macro,9.226,12.398,3.406,6.528,T01L,Macro,9.33,12.757,3.497,6.955,T01J,Macro,8.146,10.591,2.76,5.093,Macro-Macro,8.738,11.674,3.1285,6.024
C35,C35-8,M,Macro,8.136,10.915,2.937,5.312,T01L,Macro,9.33,12.757,3.497,6.955,T01J,Macro,8.146,10.591,2.76,5.093,Macro-Macro,8.738,11.674,3.1285,6.024
C35,C35-9,M,Macro,8.138,11.053,2.805,5.561,T01L,Macro,9.33,12.757,3.497,6.955,T01J,Macro,8.146,10.591,2.76,5.093,Macro-Macro,8.738,11.674,3.1285,6.024
C35,C35-10,M,Macro,8.26,11.067,2.949,5.532,T01L,Macro,9.33,12.757,3.497,6.955,T01J,Macro,8.146,10.591,2.76,5.093,Macro-Macro,8.738,11.674,3.1285,6.024
C35,C35-11,F,Macro,9.309,12.702,3.496,6.493,T01L,Macro,9.33,12.757,3.497,6.955,T01J,Macro,8.146,10.591,2.76,5.093,Macro-Macro,8.738,11.674,3.1285,6.024
C35,C35-12,F,Macro,9.944,13.335,3.641,6.632,T01L,Macro,9.33,12.757,3.497,6.955,T01J,Macro,8.146,10.591,2.76,5.093,Macro-Macro,8.738,11.674,3.1285,6.024
C35,C35-13,M,Macro,8.652,11.849,2.92,5.126,T01L,Macro,9.33,12.757,3.497,6.955,T01J,Macro,8.146,10.591,2.76,5.093,Macro-Macro,8.738,11.674,3.1285,6.024
C36,C36-1,F,Macro,9.205,12.25,3.17,6.477,T01G,Macro,8.851,11.956,3.101,5.881,T01N,Macro,7.709,10.147,2.769,4.656,Macro-Macro,8.28,11.0515,2.935,5.2685
C36,C36-2,F,Macro,8.685,11.861,2.944,6.058,T01G,Macro,8.851,11.956,3.101,5.881,T01N,Macro,7.709,10.147,2.769,4.656,Macro-Macro,8.28,11.0515,2.935,5.2685
C36,C36-3,F,Macro,8.609,11.741,3.031,6.086,T01G,Macro,8.851,11.956,3.101,5.881,T01N,Macro,7.709,10.147,2.769,4.656,Macro-Macro,8.28,11.0515,2.935,5.2685
C36,C36-4,M,Macro,7.848,10.324,2.678,5.012,T01G,Macro,8.851,11.956,3.101,5.881,T01N,Macro,7.709,10.147,2.769,4.656,Macro-Macro,8.28,11.0515,2.935,5.2685
C36,C36-5,M,Macro,7.844,10.347,2.585,5.14,T01G,Macro,8.851,11.956,3.101,5.881,T01N,Macro,7.709,10.147,2.769,4.656,Macro-Macro,8.28,11.0515,2.935,5.2685
C36,C36-6,M,Macro,7.691,10.241,2.591,5.262,T01G,Macro,8.851,11.956,3.101,5.881,T01N,Macro,7.709,10.147,2.769,4.656,Macro-Macro,8.28,11.0515,2.935,5.2685
C36,C36-7,M,Macro,8.637,11.753,3.153,5.101,T01G,Macro,8.851,11.956,3.101,5.881,T01N,Macro,7.709,10.147,2.769,4.656,Macro-Macro,8.28,11.0515,2.935,5.2685
C37,C37-1,F,Macro,9.839,13.286,3.519,7.499,A03,Brachy,3.498,6.394,2.401,5.093,T01F,Macro,8.329,10.942,2.974,5.643,Brachy-Macro,5.9135,8.668,2.6875,5.368
C37,C37-2,M,Brachy,4.625,7.402,2.569,4.95,A03,Brachy,3.498,6.394,2.401,5.093,T01F,Macro,8.329,10.942,2.974,5.643,Brachy-Macro,5.9135,8.668,2.6875,5.368
C37,C37-3,F,Macro,9.29,12.797,3.531,6.504,A03,Brachy,3.498,6.394,2.401,5.093,T01F,Macro,8.329,10.942,2.974,5.643,Brachy-Macro,5.9135,8.668,2.6875,5.368
C37,C37-4,M,Macro,7.716,10.607,2.719,4.973,A03,Brachy,3.498,6.394,2.401,5.093,T01F,Macro,8.329,10.942,2.974,5.643,Brachy-Macro,5.9135,8.668,2.6875,5.368
C37,C37-5,F,Macro,8.819,12.441,3.378,6.176,A03,Brachy,3.498,6.394,2.401,5.093,T01F,Macro,8.329,10.942,2.974,5.643,Brachy-Macro,5.9135,8.668,2.6875,5.368
C37,C37-6,F,Macro,9.787,13.063,3.51,6.768,A03,Brachy,3.498,6.394,2.401,5.093,T01F,Macro,8.329,10.942,2.974,5.643,Brachy-Macro,5.9135,8.668,2.6875,5.368
C37,C37-7,F,Brachy,5.098,8.396,2.904,6,A03,Brachy,3.498,6.394,2.401,5.093,T01F,Macro,8.329,10.942,2.974,5.643,Brachy-Macro,5.9135,8.668,2.6875,5.368
C37,C37-8,F,Macro,9.701,13.201,3.633,7.105,A03,Brachy,3.498,6.394,2.401,5.093,T01F,Macro,8.329,10.942,2.974,5.643,Brachy-Macro,5.9135,8.668,2.6875,5.368
C37,C37-9,M,Brachy,4.475,7.104,2.58,4.781,A03,Brachy,3.498,6.394,2.401,5.093,T01F,Macro,8.329,10.942,2.974,5.643,Brachy-Macro,5.9135,8.668,2.6875,5.368
C38,C38-1,F,Macro,9.053,12.38,3.249,6.16,T01M,Brachy,4.163,6.841,2.377,4.588,T01K,Macro,8.145,10.911,2.821,4.779,Brachy-Macro,6.154,8.876,2.599,4.6835
C38,C38-2,M,Brachy,5.206,8.473,2.81,4.584,T01M,Brachy,4.163,6.841,2.377,4.588,T01K,Macro,8.145,10.911,2.821,4.779,Brachy-Macro,6.154,8.876,2.599,4.6835
C38,C38-3,M,Macro,8.985,12.064,3.186,5.227,T01M,Brachy,4.163,6.841,2.377,4.588,T01K,Macro,8.145,10.911,2.821,4.779,Brachy-Macro,6.154,8.876,2.599,4.6835